<?xml version="1.0" encoding="UTF-8"?>
<root>
  <item name="com.google.android.flexbox.FlexboxLayout boolean isMainAxisDirectionHorizontal(int) 0">
    <annotation name="android.support.annotation.IntDef">
      <val name="value" val="{com.google.android.flexbox.FlexboxLayout.FLEX_DIRECTION_ROW, com.google.android.flexbox.FlexboxLayout.FLEX_DIRECTION_ROW_REVERSE, com.google.android.flexbox.FlexboxLayout.FLEX_DIRECTION_COLUMN, com.google.android.flexbox.FlexboxLayout.FLEX_DIRECTION_COLUMN_REVERSE}" />
    </annotation>
  </item>
  <item name="com.google.android.flexbox.FlexboxLayout int expandFlexItems(int, int, com.google.android.flexbox.FlexLine, int, int, int, int, boolean) 3">
    <annotation name="android.support.annotation.IntDef">
      <val name="value" val="{com.google.android.flexbox.FlexboxLayout.FLEX_DIRECTION_ROW, com.google.android.flexbox.FlexboxLayout.FLEX_DIRECTION_ROW_REVERSE, com.google.android.flexbox.FlexboxLayout.FLEX_DIRECTION_COLUMN, com.google.android.flexbox.FlexboxLayout.FLEX_DIRECTION_COLUMN_REVERSE}" />
    </annotation>
  </item>
  <item name="com.google.android.flexbox.FlexboxLayout int getAlignContent()">
    <annotation name="android.support.annotation.IntDef">
      <val name="value" val="{com.google.android.flexbox.FlexboxLayout.ALIGN_CONTENT_FLEX_START, com.google.android.flexbox.FlexboxLayout.ALIGN_CONTENT_FLEX_END, com.google.android.flexbox.FlexboxLayout.ALIGN_CONTENT_CENTER, com.google.android.flexbox.FlexboxLayout.ALIGN_CONTENT_SPACE_BETWEEN, com.google.android.flexbox.FlexboxLayout.ALIGN_CONTENT_SPACE_AROUND, com.google.android.flexbox.FlexboxLayout.ALIGN_CONTENT_STRETCH}" />
    </annotation>
  </item>
  <item name="com.google.android.flexbox.FlexboxLayout int getAlignItems()">
    <annotation name="android.support.annotation.IntDef">
      <val name="value" val="{com.google.android.flexbox.FlexboxLayout.ALIGN_ITEMS_FLEX_START, com.google.android.flexbox.FlexboxLayout.ALIGN_ITEMS_FLEX_END, com.google.android.flexbox.FlexboxLayout.ALIGN_ITEMS_CENTER, com.google.android.flexbox.FlexboxLayout.ALIGN_ITEMS_BASELINE, com.google.android.flexbox.FlexboxLayout.ALIGN_ITEMS_STRETCH}" />
    </annotation>
  </item>
  <item name="com.google.android.flexbox.FlexboxLayout int getFlexDirection()">
    <annotation name="android.support.annotation.IntDef">
      <val name="value" val="{com.google.android.flexbox.FlexboxLayout.FLEX_DIRECTION_ROW, com.google.android.flexbox.FlexboxLayout.FLEX_DIRECTION_ROW_REVERSE, com.google.android.flexbox.FlexboxLayout.FLEX_DIRECTION_COLUMN, com.google.android.flexbox.FlexboxLayout.FLEX_DIRECTION_COLUMN_REVERSE}" />
    </annotation>
  </item>
  <item name="com.google.android.flexbox.FlexboxLayout int getFlexWrap()">
    <annotation name="android.support.annotation.IntDef">
      <val name="value" val="{com.google.android.flexbox.FlexboxLayout.FLEX_WRAP_NOWRAP, com.google.android.flexbox.FlexboxLayout.FLEX_WRAP_WRAP, com.google.android.flexbox.FlexboxLayout.FLEX_WRAP_WRAP_REVERSE}" />
    </annotation>
  </item>
  <item name="com.google.android.flexbox.FlexboxLayout int getJustifyContent()">
    <annotation name="android.support.annotation.IntDef">
      <val name="value" val="{com.google.android.flexbox.FlexboxLayout.JUSTIFY_CONTENT_FLEX_START, com.google.android.flexbox.FlexboxLayout.JUSTIFY_CONTENT_FLEX_END, com.google.android.flexbox.FlexboxLayout.JUSTIFY_CONTENT_CENTER, com.google.android.flexbox.FlexboxLayout.JUSTIFY_CONTENT_SPACE_BETWEEN, com.google.android.flexbox.FlexboxLayout.JUSTIFY_CONTENT_SPACE_AROUND}" />
    </annotation>
  </item>
  <item name="com.google.android.flexbox.FlexboxLayout int getShowDividerHorizontal()">
    <annotation name="android.support.annotation.IntDef">
      <val name="flag" val="true" />
      <val name="value" val="{com.google.android.flexbox.FlexboxLayout.SHOW_DIVIDER_NONE, com.google.android.flexbox.FlexboxLayout.SHOW_DIVIDER_BEGINNING, com.google.android.flexbox.FlexboxLayout.SHOW_DIVIDER_MIDDLE, com.google.android.flexbox.FlexboxLayout.SHOW_DIVIDER_END}" />
    </annotation>
  </item>
  <item name="com.google.android.flexbox.FlexboxLayout int getShowDividerVertical()">
    <annotation name="android.support.annotation.IntDef">
      <val name="flag" val="true" />
      <val name="value" val="{com.google.android.flexbox.FlexboxLayout.SHOW_DIVIDER_NONE, com.google.android.flexbox.FlexboxLayout.SHOW_DIVIDER_BEGINNING, com.google.android.flexbox.FlexboxLayout.SHOW_DIVIDER_MIDDLE, com.google.android.flexbox.FlexboxLayout.SHOW_DIVIDER_END}" />
    </annotation>
  </item>
  <item name="com.google.android.flexbox.FlexboxLayout int shrinkFlexItems(int, int, com.google.android.flexbox.FlexLine, int, int, int, int, boolean) 3">
    <annotation name="android.support.annotation.IntDef">
      <val name="value" val="{com.google.android.flexbox.FlexboxLayout.FLEX_DIRECTION_ROW, com.google.android.flexbox.FlexboxLayout.FLEX_DIRECTION_ROW_REVERSE, com.google.android.flexbox.FlexboxLayout.FLEX_DIRECTION_COLUMN, com.google.android.flexbox.FlexboxLayout.FLEX_DIRECTION_COLUMN_REVERSE}" />
    </annotation>
  </item>
  <item name="com.google.android.flexbox.FlexboxLayout void determineMainSize(int, int, int) 0">
    <annotation name="android.support.annotation.IntDef">
      <val name="value" val="{com.google.android.flexbox.FlexboxLayout.FLEX_DIRECTION_ROW, com.google.android.flexbox.FlexboxLayout.FLEX_DIRECTION_ROW_REVERSE, com.google.android.flexbox.FlexboxLayout.FLEX_DIRECTION_COLUMN, com.google.android.flexbox.FlexboxLayout.FLEX_DIRECTION_COLUMN_REVERSE}" />
    </annotation>
  </item>
  <item name="com.google.android.flexbox.FlexboxLayout void layoutSingleChildHorizontal(android.view.View, com.google.android.flexbox.FlexLine, int, int, int, int, int, int) 2">
    <annotation name="android.support.annotation.IntDef">
      <val name="value" val="{com.google.android.flexbox.FlexboxLayout.FLEX_WRAP_NOWRAP, com.google.android.flexbox.FlexboxLayout.FLEX_WRAP_WRAP, com.google.android.flexbox.FlexboxLayout.FLEX_WRAP_WRAP_REVERSE}" />
    </annotation>
  </item>
  <item name="com.google.android.flexbox.FlexboxLayout void setAlignContent(int) 0">
    <annotation name="android.support.annotation.IntDef">
      <val name="value" val="{com.google.android.flexbox.FlexboxLayout.ALIGN_CONTENT_FLEX_START, com.google.android.flexbox.FlexboxLayout.ALIGN_CONTENT_FLEX_END, com.google.android.flexbox.FlexboxLayout.ALIGN_CONTENT_CENTER, com.google.android.flexbox.FlexboxLayout.ALIGN_CONTENT_SPACE_BETWEEN, com.google.android.flexbox.FlexboxLayout.ALIGN_CONTENT_SPACE_AROUND, com.google.android.flexbox.FlexboxLayout.ALIGN_CONTENT_STRETCH}" />
    </annotation>
  </item>
  <item name="com.google.android.flexbox.FlexboxLayout void setAlignItems(int) 0">
    <annotation name="android.support.annotation.IntDef">
      <val name="value" val="{com.google.android.flexbox.FlexboxLayout.ALIGN_ITEMS_FLEX_START, com.google.android.flexbox.FlexboxLayout.ALIGN_ITEMS_FLEX_END, com.google.android.flexbox.FlexboxLayout.ALIGN_ITEMS_CENTER, com.google.android.flexbox.FlexboxLayout.ALIGN_ITEMS_BASELINE, com.google.android.flexbox.FlexboxLayout.ALIGN_ITEMS_STRETCH}" />
    </annotation>
  </item>
  <item name="com.google.android.flexbox.FlexboxLayout void setFlexDirection(int) 0">
    <annotation name="android.support.annotation.IntDef">
      <val name="value" val="{com.google.android.flexbox.FlexboxLayout.FLEX_DIRECTION_ROW, com.google.android.flexbox.FlexboxLayout.FLEX_DIRECTION_ROW_REVERSE, com.google.android.flexbox.FlexboxLayout.FLEX_DIRECTION_COLUMN, com.google.android.flexbox.FlexboxLayout.FLEX_DIRECTION_COLUMN_REVERSE}" />
    </annotation>
  </item>
  <item name="com.google.android.flexbox.FlexboxLayout void setFlexWrap(int) 0">
    <annotation name="android.support.annotation.IntDef">
      <val name="value" val="{com.google.android.flexbox.FlexboxLayout.FLEX_WRAP_NOWRAP, com.google.android.flexbox.FlexboxLayout.FLEX_WRAP_WRAP, com.google.android.flexbox.FlexboxLayout.FLEX_WRAP_WRAP_REVERSE}" />
    </annotation>
  </item>
  <item name="com.google.android.flexbox.FlexboxLayout void setJustifyContent(int) 0">
    <annotation name="android.support.annotation.IntDef">
      <val name="value" val="{com.google.android.flexbox.FlexboxLayout.JUSTIFY_CONTENT_FLEX_START, com.google.android.flexbox.FlexboxLayout.JUSTIFY_CONTENT_FLEX_END, com.google.android.flexbox.FlexboxLayout.JUSTIFY_CONTENT_CENTER, com.google.android.flexbox.FlexboxLayout.JUSTIFY_CONTENT_SPACE_BETWEEN, com.google.android.flexbox.FlexboxLayout.JUSTIFY_CONTENT_SPACE_AROUND}" />
    </annotation>
  </item>
  <item name="com.google.android.flexbox.FlexboxLayout void setMeasuredDimensionForFlex(int, int, int, int) 0">
    <annotation name="android.support.annotation.IntDef">
      <val name="value" val="{com.google.android.flexbox.FlexboxLayout.FLEX_DIRECTION_ROW, com.google.android.flexbox.FlexboxLayout.FLEX_DIRECTION_ROW_REVERSE, com.google.android.flexbox.FlexboxLayout.FLEX_DIRECTION_COLUMN, com.google.android.flexbox.FlexboxLayout.FLEX_DIRECTION_COLUMN_REVERSE}" />
    </annotation>
  </item>
  <item name="com.google.android.flexbox.FlexboxLayout void setShowDivider(int) 0">
    <annotation name="android.support.annotation.IntDef">
      <val name="flag" val="true" />
      <val name="value" val="{com.google.android.flexbox.FlexboxLayout.SHOW_DIVIDER_NONE, com.google.android.flexbox.FlexboxLayout.SHOW_DIVIDER_BEGINNING, com.google.android.flexbox.FlexboxLayout.SHOW_DIVIDER_MIDDLE, com.google.android.flexbox.FlexboxLayout.SHOW_DIVIDER_END}" />
    </annotation>
  </item>
  <item name="com.google.android.flexbox.FlexboxLayout void setShowDividerHorizontal(int) 0">
    <annotation name="android.support.annotation.IntDef">
      <val name="flag" val="true" />
      <val name="value" val="{com.google.android.flexbox.FlexboxLayout.SHOW_DIVIDER_NONE, com.google.android.flexbox.FlexboxLayout.SHOW_DIVIDER_BEGINNING, com.google.android.flexbox.FlexboxLayout.SHOW_DIVIDER_MIDDLE, com.google.android.flexbox.FlexboxLayout.SHOW_DIVIDER_END}" />
    </annotation>
  </item>
  <item name="com.google.android.flexbox.FlexboxLayout void setShowDividerVertical(int) 0">
    <annotation name="android.support.annotation.IntDef">
      <val name="flag" val="true" />
      <val name="value" val="{com.google.android.flexbox.FlexboxLayout.SHOW_DIVIDER_NONE, com.google.android.flexbox.FlexboxLayout.SHOW_DIVIDER_BEGINNING, com.google.android.flexbox.FlexboxLayout.SHOW_DIVIDER_MIDDLE, com.google.android.flexbox.FlexboxLayout.SHOW_DIVIDER_END}" />
    </annotation>
  </item>
  <item name="com.google.android.flexbox.FlexboxLayout.AlignContent">
    <annotation name="android.support.annotation.IntDef">
      <val name="value" val="{com.google.android.flexbox.FlexboxLayout.ALIGN_CONTENT_FLEX_START, com.google.android.flexbox.FlexboxLayout.ALIGN_CONTENT_FLEX_END, com.google.android.flexbox.FlexboxLayout.ALIGN_CONTENT_CENTER, com.google.android.flexbox.FlexboxLayout.ALIGN_CONTENT_SPACE_BETWEEN, com.google.android.flexbox.FlexboxLayout.ALIGN_CONTENT_SPACE_AROUND, com.google.android.flexbox.FlexboxLayout.ALIGN_CONTENT_STRETCH}" />
    </annotation>
  </item>
  <item name="com.google.android.flexbox.FlexboxLayout.AlignItems">
    <annotation name="android.support.annotation.IntDef">
      <val name="value" val="{com.google.android.flexbox.FlexboxLayout.ALIGN_ITEMS_FLEX_START, com.google.android.flexbox.FlexboxLayout.ALIGN_ITEMS_FLEX_END, com.google.android.flexbox.FlexboxLayout.ALIGN_ITEMS_CENTER, com.google.android.flexbox.FlexboxLayout.ALIGN_ITEMS_BASELINE, com.google.android.flexbox.FlexboxLayout.ALIGN_ITEMS_STRETCH}" />
    </annotation>
  </item>
  <item name="com.google.android.flexbox.FlexboxLayout.DividerMode">
    <annotation name="android.support.annotation.IntDef">
      <val name="flag" val="true" />
      <val name="value" val="{com.google.android.flexbox.FlexboxLayout.SHOW_DIVIDER_NONE, com.google.android.flexbox.FlexboxLayout.SHOW_DIVIDER_BEGINNING, com.google.android.flexbox.FlexboxLayout.SHOW_DIVIDER_MIDDLE, com.google.android.flexbox.FlexboxLayout.SHOW_DIVIDER_END}" />
    </annotation>
  </item>
  <item name="com.google.android.flexbox.FlexboxLayout.FlexDirection">
    <annotation name="android.support.annotation.IntDef">
      <val name="value" val="{com.google.android.flexbox.FlexboxLayout.FLEX_DIRECTION_ROW, com.google.android.flexbox.FlexboxLayout.FLEX_DIRECTION_ROW_REVERSE, com.google.android.flexbox.FlexboxLayout.FLEX_DIRECTION_COLUMN, com.google.android.flexbox.FlexboxLayout.FLEX_DIRECTION_COLUMN_REVERSE}" />
    </annotation>
  </item>
  <item name="com.google.android.flexbox.FlexboxLayout.FlexWrap">
    <annotation name="android.support.annotation.IntDef">
      <val name="value" val="{com.google.android.flexbox.FlexboxLayout.FLEX_WRAP_NOWRAP, com.google.android.flexbox.FlexboxLayout.FLEX_WRAP_WRAP, com.google.android.flexbox.FlexboxLayout.FLEX_WRAP_WRAP_REVERSE}" />
    </annotation>
  </item>
  <item name="com.google.android.flexbox.FlexboxLayout.JustifyContent">
    <annotation name="android.support.annotation.IntDef">
      <val name="value" val="{com.google.android.flexbox.FlexboxLayout.JUSTIFY_CONTENT_FLEX_START, com.google.android.flexbox.FlexboxLayout.JUSTIFY_CONTENT_FLEX_END, com.google.android.flexbox.FlexboxLayout.JUSTIFY_CONTENT_CENTER, com.google.android.flexbox.FlexboxLayout.JUSTIFY_CONTENT_SPACE_BETWEEN, com.google.android.flexbox.FlexboxLayout.JUSTIFY_CONTENT_SPACE_AROUND}" />
    </annotation>
  </item>
</root>

